kl_ip,kl_threat_score,kl_category,kl_first_seen,kl_popularity
5.196.70.233,100,botnet_cncand malware,09.03.2019 12:02,3
5.79.119.191,100,botnet_cnc,11.02.2020 18:06,3
3.17.117.250,100,botnet_cncand tor_node,09.03.2020 10:41,2
3.13.191.225,100,botnet_cnc,08.03.2020 03:12,2
5.182.210.55,100,botnet_cnc,06.11.2019 19:24,2
3.134.196.116,100,botnet_cnc,10.03.2020 03:11,2
3.137.63.131,100,botnet_cnc,07.03.2020 20:36,2
3.20.98.123,100,botnet_cnc,08.03.2020 21:42,2
3.135.90.78,100,botnet_cnc,13.03.2020 01:48,2
5.45.117.75,100,botnet_cnc,07.10.2019 20:53,2
3.17.202.129,100,botnet_cnc,25.07.2019 13:41,2
5.182.210.189,100,botnet_cnc,19.11.2019 16:55,2
12.162.84.2,100,botnet_cncand malware,09.04.2018 12:54,2
3.19.3.150,100,botnet_cnc,25.07.2019 13:41,2
5.63.14.41,100,botnet_cnc,27.11.2017 11:08,2
5.53.124.49,100,botnet_cnc,16.08.2019 16:54,2
5.45.75.142,100,botnet_cnc,14.05.2019 20:14,2
8.209.79.239,100,malware,27.02.2020 11:44,2
8.208.78.248,100,malware,25.02.2020 10:51,2
8.208.13.6,100,malware,05.03.2020 12:07,2
5.8.88.97,100,botnet_cnc,11.02.2019 14:18,2
8.208.14.206,100,malware,27.02.2020 11:44,2
8.208.22.204,100,malware,27.02.2020 11:44,2
8.208.23.186,100,malware,27.02.2020 11:44,2
5.45.179.183,100,botnet_cnc,25.02.2020 11:06,2
5.34.158.102,100,botnet_cnc,28.01.2020 21:53,2
8.209.65.45,100,malware,14.01.2020 10:14,2
8.209.74.136,100,malware,20.12.2019 17:37,2
3.14.212.173,100,botnet_cnc,25.06.2019 13:13,2
1.9.150.202,100,botnet_cnc,18.03.2020 17:12,1
1.35.178.173,100,botnet_cnc,04.06.2019 12:23,1
1.0.5.4,100,botnet_cnc,24.07.2019 07:53,1
5.228.92.184,80,proxy,01.04.2020 00:00,3
14.98.195.90,80,proxy,12.08.2019 09:50,2
1.186.40.2,80,proxy,26.09.2018 03:00,2
5.79.109.48,80,tor_exit_node,18.02.2020 18:10,2
5.101.51.170,80,malware,06.04.2020 11:58,2
1.0.178.242,80,proxy,08.04.2020 20:50,2
14.29.247.69,80,proxy,08.11.2019 17:40,2
1.71.130.57,80,proxy,12.04.2020 03:50,2
13.56.86.59,80,malware,01.04.2020 19:05,2
5.59.141.152,80,proxy,22.02.2020 14:40,2
5.250.243.91,80,malware,08.11.2019 03:42,2
2.58.44.2,80,vpn,27.02.2020 12:20,2
13.228.106.146,80,malware,12.02.2019 10:58,2
5.56.73.146,80,malware,16.12.2017 20:40,2
14.29.165.10,80,proxyand spam,18.04.2019 13:40,2
5.141.244.52,80,proxy,06.11.2018 09:20,2
5.135.247.141,80,malware,05.06.2019 23:27,2
5.45.81.173,80,proxy,29.09.2019 12:20,2
14.29.229.72,80,proxyand spam,03.05.2019 21:40,2
5.178.61.121,80,proxy,26.09.2018 07:50,2
5.152.207.100,80,vpn,27.02.2020 12:20,2
5.79.79.21,80,vpn,27.02.2020 12:20,2
5.249.155.136,80,vpn,27.02.2020 12:20,2
1.20.99.178,80,proxy,05.11.2018 10:40,1
1.71.140.234,80,proxy,12.04.2020 02:40,1
1.71.128.170,80,proxyand spam,24.06.2019 06:20,1
1.71.130.66,80,proxy,12.04.2020 02:40,1
1.71.130.24,80,proxy,12.04.2020 03:50,1
1.71.130.85,80,proxy,12.04.2020 09:40,1
1.71.128.156,80,proxy,12.04.2020 10:20,1
1.71.130.9,80,proxy,12.04.2020 03:50,1
1.20.217.221,80,proxy,27.03.2019 10:10,1
1.10.180.19,80,proxy,01.02.2020 00:20,1
1.10.188.52,80,proxy,21.09.2018 00:30,1
1.10.189.68,80,proxy,25.09.2018 14:40,1
1.10.189.84,80,proxy,06.11.2018 16:20,1
1.71.139.31,80,proxy,12.04.2020 03:50,1
1.20.101.46,80,proxy,06.11.2018 15:00,1
1.71.130.209,80,proxy,12.04.2020 09:20,1
1.31.96.120,80,proxy,12.04.2020 02:30,1
1.20.102.68,80,proxy,27.03.2019 08:50,1
1.71.130.227,80,proxy,12.04.2020 03:50,1
1.10.186.35,80,proxy,05.11.2018 04:40,1
1.10.188.85,80,proxy,26.09.2018 04:10,1
1.20.100.45,80,proxy,07.11.2018 02:30,1
1.20.99.218,80,proxy,08.11.2018 04:40,1
1.10.188.140,80,proxy,07.11.2018 05:00,1
1.10.188.93,80,proxy,05.11.2018 11:40,1
1.20.103.248,80,proxy,05.11.2018 04:20,1
1.10.189.156,80,proxy,26.09.2018 13:30,1
1.20.156.230,80,proxy,15.01.2020 04:30,1
1.20.99.122,80,proxy,27.03.2019 09:50,1
1.31.96.155,80,proxy,12.04.2020 03:50,1
1.10.188.202,80,proxy,09.10.2018 23:40,1
1.71.130.142,80,proxy,12.04.2020 03:50,1
1.0.179.53,80,proxy,13.08.2019 18:10,1
1.20.101.221,80,proxy,27.09.2018 00:00,1
1.10.188.132,80,proxy,27.09.2018 09:40,1
1.20.169.136,80,proxy,26.03.2020 09:40,1
1.0.176.8,80,proxy,11.04.2020 06:30,1
1.10.138.221,80,proxy,09.04.2020 11:30,1
1.36.5.29,80,proxy,08.04.2020 01:00,1
1.0.139.36,80,proxy,23.03.2020 04:40,1
1.10.188.5,80,proxy,25.09.2018 15:00,1
1.32.44.86,80,proxy,05.04.2020 06:20,1
1.20.239.19,80,proxy,04.04.2020 22:20,1
1.20.217.52,80,proxy,03.04.2020 08:10,1
1.32.59.217,80,proxy,16.08.2018 01:00,1
1.0.177.30,80,proxy,29.03.2020 10:20,1
1.2.188.231,80,proxy,28.03.2020 04:20,1
1.20.102.102,80,proxy,14.11.2018 22:40,1
1.2.251.186,80,proxy,21.03.2020 09:50,1
1.2.169.8,80,proxy,06.11.2018 15:20,1
1.20.97.173,80,proxy,05.11.2018 04:40,1
1.10.186.114,80,proxy,08.11.2018 14:30,1
1.20.97.122,80,proxy,08.11.2018 02:00,1
1.20.97.4,80,proxy,09.11.2018 02:30,1
1.10.135.35,80,proxy,07.03.2020 04:50,1
1.0.190.182,80,proxy,05.03.2020 19:30,1
1.10.172.188,80,proxy,29.02.2020 07:30,1
1.4.198.186,80,proxy,25.02.2020 17:40,1
1.4.219.64,80,proxy,15.02.2020 07:10,1
1.20.101.114,80,proxy,06.11.2018 15:00,1
5.61.46.156,78,malware,11.11.2019 01:58,3
5.8.35.161,75,malware,24.10.2019 02:04,5
23.94.206.246,75,malware,12.04.2020 08:51,5
5.45.64.181,75,malware,28.02.2017 14:43,4
5.9.18.114,75,malware,02.05.2015 00:00,3
2.59.134.111,75,malware,07.11.2019 02:07,3
5.45.67.97,75,malware,11.01.2018 21:38,2
5.45.72.63,75,malware,17.10.2017 15:38,2
5.188.178.93,75,malware,11.02.2020 06:26,2
5.149.250.122,75,malware,29.07.2019 18:53,2
192.0.2.1,75,test,01.01.2017 00:00,1
192.0.2.3,75,test,15.01.2017 00:00,1
3.230.176.171,74,malware,31.01.2020 15:49,5
1.9.71.2,74,spam,11.06.2019 14:10,5
5.23.54.164,74,spam,16.07.2019 02:10,4
1.53.137.92,74,spam,29.08.2018 17:40,4
12.109.102.86,74,spam,15.10.2018 01:50,4
5.178.217.227,74,spam,30.09.2018 01:40,4
5.59.143.43,74,spam,22.04.2019 01:40,4
5.59.136.226,74,spam,28.09.2018 02:00,4
12.132.115.17,74,spam,18.02.2019 17:51,3
1.212.157.115,74,spam,01.10.2018 06:42,3
2.115.68.98,74,spam,07.11.2019 21:50,3
5.103.137.240,74,spam,14.03.2020 06:00,3
5.103.109.116,74,spam,19.03.2020 14:00,2
5.29.29.220,74,spam,04.03.2020 22:00,2
2.234.19.229,74,spam,26.01.2019 13:40,2
5.64.188.109,74,spam,10.04.2020 02:00,2
14.102.61.138,74,spam,28.09.2018 02:01,2
2.110.29.169,74,spam,16.03.2020 22:00,2
5.159.232.219,74,spam,09.12.2019 21:50,2
5.196.166.232,74,spam,10.04.2020 13:50,2
5.102.21.248,74,spam,04.04.2020 02:00,2
1.55.223.31,74,spam,29.07.2016 19:40,2
5.178.132.207,74,spam,12.11.2018 01:50,2
1.52.196.175,74,spam,02.06.2016 15:00,2
5.53.124.33,74,spam,12.10.2019 14:10,2
5.62.43.170,74,spam,24.03.2020 21:50,2
1.40.245.204,74,spam,04.02.2020 06:00,2
14.162.47.250,74,spam,19.08.2016 11:10,2
14.160.20.58,74,spam,25.06.2017 10:20,2
1.55.44.238,74,spam,08.08.2016 11:20,2
5.253.60.85,74,spam,02.11.2019 22:00,2
14.98.44.238,74,spam,22.02.2020 09:50,2
1.54.214.39,74,spam,02.02.2017 06:40,2
14.162.185.80,74,spam,06.04.2020 09:50,2
5.248.229.36,74,spam,15.03.2020 17:50,2
14.1.224.173,74,spam,14.02.2020 13:50,2
5.149.95.191,74,spam,24.01.2019 13:02,2
5.53.124.217,74,spam,30.12.2019 18:10,2
5.53.125.224,74,spam,18.08.2019 14:10,2
5.181.82.33,74,spam,22.11.2019 21:50,2
8.39.228.5,74,spam,21.12.2019 14:50,2
2.186.15.201,74,spam,26.12.2019 06:00,2
5.62.43.147,74,spam,16.12.2019 22:10,2
14.161.44.52,74,spam,29.02.2020 06:30,2
5.180.105.254,74,spam,05.04.2020 05:50,2
1.238.117.39,74,spam,09.03.2018 13:40,2
1.236.82.183,74,spam,26.12.2019 10:30,2
1.244.192.8,74,spam,12.11.2019 13:50,2
2.82.211.178,74,spam,23.02.2020 10:00,2
5.180.105.219,74,spam,07.09.2019 18:20,2
5.251.239.33,74,spam,23.04.2019 21:40,2
2.45.216.170,74,spam,07.04.2020 02:00,2
2.31.172.91,74,spam,06.04.2020 22:00,2
5.204.36.60,74,spam,12.04.2020 09:50,2
5.173.195.47,74,spam,21.03.2020 14:00,2
2.117.211.10,74,spam,26.06.2016 23:20,2
1.246.49.217,74,spam,24.01.2019 13:02,2
2.82.120.131,74,spam,21.09.2019 18:10,2
2.80.66.224,74,spam,09.03.2020 14:00,2
2.136.187.3,74,spam,06.04.2020 22:00,2
14.39.167.200,74,spam,22.04.2019 09:50,2
2.83.237.34,74,spam,30.03.2019 18:10,2
5.53.125.216,74,spam,16.08.2019 22:20,2
5.12.22.180,74,spam,07.04.2020 21:50,2
5.62.41.58,74,spam,19.06.2019 06:10,2
5.53.125.206,74,spam,07.08.2019 22:10,2
5.172.235.44,74,spam,27.11.2018 17:40,2
2.44.160.20,74,spam,29.03.2020 17:50,2
5.9.178.67,74,spam,25.06.2019 10:20,2
5.101.51.141,74,spamand malware,15.09.2019 02:20,2
2.232.249.97,74,spam,22.03.2019 01:50,2
2.183.184.8,74,spam,28.02.2020 22:30,2
1.161.241.239,74,spam,11.04.2020 17:50,2
5.180.105.233,74,spam,07.04.2020 13:50,2
1.119.145.114,74,spam,30.12.2018 05:40,2
13.53.149.130,74,spam,08.04.2020 06:10,2
5.101.50.182,74,spam,26.12.2019 22:40,2
2.110.184.235,74,spam,25.01.2019 17:40,2
14.169.173.38,74,spam,16.05.2016 12:00,2
14.162.208.188,74,spam,07.03.2020 14:00,2
5.101.51.104,74,spamand malware,19.08.2019 16:00,2
5.101.51.148,74,spam,30.09.2019 22:20,2
14.161.7.15,74,spam,29.12.2018 01:50,2
5.44.173.47,74,spam,27.10.2018 01:40,2
1.53.207.131,74,spam,07.04.2020 02:00,2
5.55.190.94,74,spam,27.03.2020 02:00,2
2.134.56.217,74,spam,16.03.2020 06:00,2
2.42.56.18,74,spam,06.04.2020 02:00,2
2.89.161.198,74,spam,07.04.2020 13:50,2
13.78.135.207,74,spam,09.04.2020 13:50,2
5.53.124.100,74,spam,24.07.2019 10:10,2
1.53.217.217,74,spam,14.11.2016 02:40,2
2.32.2.36,74,spam,20.03.2020 22:00,2
2.34.164.216,74,spam,06.04.2020 17:50,2
1.23.194.87,74,spam,28.01.2019 09:40,2
14.1.226.65,74,spam,06.04.2020 22:00,2
1.39.76.175,74,spam,07.04.2020 18:00,2
5.53.236.180,74,spam,06.04.2020 17:50,2
5.172.237.183,74,spam,09.06.2016 10:40,2
5.90.143.111,74,spam,07.04.2020 13:50,2
5.76.195.66,74,spam,15.03.2020 22:00,2
1.53.52.105,74,spam,11.01.2017 10:50,2
1.53.56.37,74,spam,25.02.2020 15:00,2
1.23.151.83,74,spam,20.07.2018 17:40,2
14.162.91.33,74,spam,14.03.2020 18:00,2
14.169.210.35,74,spam,01.02.2020 18:00,2
14.162.220.43,74,spam,18.07.2016 15:00,2
14.169.86.246,74,spam,20.12.2016 09:10,2
5.251.59.154,74,spam,06.04.2020 06:00,2
5.53.236.198,74,spam,18.02.2019 17:50,2
5.53.125.246,74,spam,21.08.2019 10:10,2
1.53.157.47,74,spam,23.03.2020 10:10,2
2.35.119.6,74,spam,06.03.2020 22:10,2
5.101.51.75,74,spam,30.08.2019 22:20,2
5.249.78.109,74,spam,24.07.2019 18:20,2
5.172.232.157,74,spam,20.06.2016 06:40,2
14.166.218.13,74,spam,29.09.2019 18:20,2
14.163.54.33,74,spam,10.06.2016 03:00,2
14.169.171.22,74,spam,22.09.2019 08:20,2
5.55.227.231,74,spam,28.03.2020 14:00,2
2.133.88.157,74,spam,30.03.2020 09:50,2
5.89.116.27,74,spam,26.03.2020 17:50,2
14.166.118.149,74,spam,28.03.2020 06:10,2
14.41.127.231,74,spam,08.02.2020 18:00,2
5.174.12.146,74,spam,28.03.2020 01:50,2
5.137.252.200,74,spam,15.03.2020 06:10,2
5.225.251.17,74,spam,29.03.2020 02:00,2
2.132.235.252,74,spam,23.05.2016 18:20,2
5.54.104.3,74,spam,28.03.2020 01:50,2
14.166.100.190,74,spam,26.01.2020 10:00,2
2.134.188.173,74,spam,21.03.2020 14:00,2
5.90.137.203,74,spam,28.03.2020 10:00,2
5.89.225.167,74,spam,28.03.2020 01:50,2
2.35.224.214,74,spam,03.03.2020 22:10,2
5.89.224.23,74,spam,25.03.2020 22:10,2
5.204.81.136,74,spam,19.03.2020 14:00,2
5.29.211.136,74,spam,15.03.2020 13:50,2
5.109.195.138,74,spam,24.03.2020 02:00,2
14.163.76.76,74,spam,20.03.2020 14:00,2
3.122.228.86,74,spam,25.03.2020 02:10,2
2.82.115.156,74,spam,10.09.2019 14:10,2
5.141.47.5,74,spam,19.03.2020 14:00,2
2.89.77.20,74,spam,22.03.2020 02:00,2
5.18.158.227,74,spam,23.02.2020 21:50,2
14.165.164.85,74,spam,20.03.2020 22:00,2
14.98.44.102,74,spam,19.02.2020 13:50,2
5.44.46.78,74,spam,23.01.2020 21:50,2
2.88.158.47,74,spam,19.03.2020 09:50,2
2.45.212.79,74,spam,16.03.2020 22:00,2
1.23.85.17,74,spam,20.03.2020 22:00,2
2.44.221.175,74,spam,08.03.2020 14:10,2
5.32.78.6,74,spam,02.04.2019 13:40,2
14.98.225.122,74,spam,04.03.2020 02:00,2
5.18.204.60,74,spam,25.07.2017 10:40,2
12.110.223.26,74,spam,08.09.2019 02:20,2
5.204.106.108,74,spam,14.03.2020 21:50,2
14.139.82.105,74,spam,26.05.2016 14:20,2
1.54.212.185,74,spam,09.02.2017 19:10,1
1.54.5.147,74,spam,16.08.2019 18:20,1
1.160.167.50,74,spam,08.10.2018 23:40,1
1.54.213.168,74,spam,16.12.2016 08:00,1
1.52.96.85,74,spam,29.07.2016 06:30,1
1.55.108.167,74,spam,11.09.2016 14:30,1
1.55.117.69,74,spam,25.03.2020 17:50,1
1.162.101.55,74,spam,08.02.2020 02:00,1
1.162.109.178,74,spam,11.11.2019 10:00,1
1.53.200.174,74,spam,15.02.2020 14:10,1
1.52.164.21,74,spam,19.02.2020 13:50,1
1.55.109.125,74,spam,13.10.2016 02:40,1
1.38.84.21,74,spam,07.03.2020 02:20,1
1.53.205.83,74,spam,28.02.2020 22:30,1
1.85.36.90,74,spam,18.10.2016 10:30,1
1.55.104.104,74,spam,05.04.2020 05:50,1
1.52.108.97,74,spam,03.03.2020 01:50,1
1.53.216.201,74,spam,01.11.2017 19:10,1
1.52.55.150,74,spam,10.12.2019 18:00,1
1.54.205.98,74,spam,25.07.2019 06:20,1
1.53.5.227,74,spam,03.04.2020 10:00,1
1.53.3.193,74,spam,15.03.2020 13:50,1
1.52.163.167,74,spam,01.04.2020 17:50,1
1.53.88.146,74,spam,25.10.2019 14:20,1
1.52.108.131,74,spam,18.08.2016 15:10,1
1.55.199.31,74,spam,01.08.2016 16:00,1
1.162.107.112,74,spam,15.01.2020 10:00,1
1.163.27.45,74,spam,15.01.2020 02:10,1
1.53.114.168,74,spam,26.10.2019 10:20,1
1.33.175.12,74,spam,10.04.2020 06:00,1
1.52.6.71,74,spam,28.03.2020 06:10,1
1.38.48.29,74,spam,20.12.2019 13:50,1
1.47.169.214,74,spam,12.05.2019 13:40,1
1.52.109.49,74,spam,29.12.2019 09:50,1
1.47.205.228,74,spam,08.06.2018 01:40,1
1.52.37.86,74,spam,01.01.2017 06:40,1
1.53.211.152,74,spam,11.03.2020 02:00,1
1.55.194.135,74,spam,02.07.2016 11:10,1
1.55.108.139,74,spam,14.09.2016 08:30,1
1.55.167.65,74,spam,03.11.2019 10:00,1
1.52.195.21,74,spam,24.05.2016 14:20,1
1.53.36.159,74,spam,23.03.2020 06:00,1
1.52.39.154,74,spam,24.06.2017 18:40,1
1.160.163.169,74,spam,19.11.2019 02:10,1
1.52.126.5,74,spam,04.12.2016 02:40,1
1.54.195.61,74,spam,13.08.2016 15:00,1
1.52.108.154,74,spam,29.12.2019 18:00,1
1.46.165.97,74,spam,20.06.2019 06:20,1
1.23.195.184,74,spam,26.10.2019 14:10,1
1.160.30.16,74,spam,01.04.2020 05:50,1
1.54.209.169,74,spam,12.11.2016 02:40,1
1.55.52.234,74,spam,29.03.2020 14:00,1
1.164.175.105,74,spam,23.12.2019 02:00,1
1.162.164.219,74,spam,30.11.2019 05:50,1
1.55.167.203,74,spam,21.08.2016 06:30,1
1.162.108.156,74,spam,16.01.2020 05:50,1
1.161.95.50,74,spam,05.02.2019 13:50,1
1.52.102.178,74,spam,13.08.2019 14:20,1
1.47.141.176,74,spam,19.03.2019 01:40,1
1.53.17.110,74,spam,28.10.2016 15:50,1
1.55.223.218,74,spam,19.07.2016 07:00,1
1.55.198.47,74,spam,29.06.2016 15:00,1
1.55.219.185,74,spam,24.08.2016 15:00,1
1.53.198.152,74,spam,10.04.2020 22:00,1
1.55.120.78,74,spam,16.03.2020 13:50,1
1.46.231.149,74,spam,01.10.2018 06:45,1
1.162.105.209,74,spam,29.02.2020 02:00,1
1.160.162.110,74,spam,27.12.2019 09:50,1
1.160.164.46,74,spam,08.10.2019 02:10,1
1.53.199.213,74,spam,29.03.2020 10:00,1
1.33.169.71,74,spam,10.03.2020 22:00,1
1.162.109.153,74,spam,18.08.2019 02:20,1
1.53.197.165,74,spam,10.08.2016 19:00,1
1.53.49.89,74,spam,07.04.2020 18:00,1
1.160.167.219,74,spam,17.01.2020 13:50,1
1.54.197.215,74,spam,10.11.2019 10:00,1
1.163.38.251,74,spam,09.03.2020 01:50,1
1.55.47.198,74,spam,29.08.2016 13:30,1
1.52.51.54,74,spam,11.03.2020 09:50,1
1.162.107.46,74,spam,11.03.2020 06:00,1
1.54.213.198,74,spam,04.12.2016 06:40,1
1.55.51.200,74,spam,31.03.2020 18:00,1
1.164.173.131,74,spam,31.12.2019 01:50,1
1.54.192.253,74,spam,19.08.2016 15:00,1
1.53.39.32,74,spam,17.03.2020 10:10,1
1.163.32.217,74,spam,16.01.2020 05:50,1
1.55.117.229,74,spam,11.09.2016 14:30,1
1.53.249.235,74,spam,12.04.2020 06:00,1
1.53.196.149,74,spam,08.04.2020 17:50,1
1.54.192.95,74,spam,11.02.2017 19:30,1
1.53.150.208,74,spam,12.11.2016 02:40,1
1.164.169.160,74,spam,03.02.2020 02:10,1
1.162.110.183,74,spam,13.12.2019 06:00,1
1.52.197.54,74,spam,30.03.2020 05:50,1
1.55.207.198,74,spam,11.04.2020 22:00,1
1.163.36.234,74,spam,06.03.2020 09:50,1
1.47.5.23,74,spam,29.10.2017 15:00,1
1.52.206.27,74,spam,01.10.2019 18:10,1
1.47.14.164,74,spam,14.10.2018 01:40,1
1.55.197.49,74,spam,10.10.2016 11:41,1
1.52.213.229,74,spam,26.03.2020 13:50,1
1.53.7.73,74,spam,04.04.2020 05:50,1
1.55.71.115,74,spam,10.04.2020 09:50,1
1.55.109.229,74,spam,24.12.2019 06:30,1
1.47.71.34,74,spam,01.11.2018 01:40,1
1.54.210.163,74,spam,04.12.2016 10:40,1
1.35.177.100,74,spam,12.04.2020 09:50,1
1.35.178.93,74,spam,12.04.2020 09:50,1
1.53.148.26,74,spam,12.04.2020 09:50,1
1.52.61.173,74,spam,12.04.2020 09:50,1
1.162.126.154,74,spam,12.04.2020 09:50,1
1.163.32.114,74,spam,16.03.2020 18:00,1
1.55.239.88,74,spam,12.11.2019 22:00,1
1.162.100.50,74,spam,09.11.2019 01:50,1
1.53.89.199,74,spam,01.11.2019 10:00,1
1.163.30.108,74,spam,20.10.2019 06:10,1
1.53.221.68,74,spam,26.06.2018 01:40,1
1.55.176.34,74,spam,30.09.2016 22:40,1
1.164.128.139,74,spam,11.04.2020 14:00,1
1.162.96.239,74,spam,12.04.2020 06:00,1
1.160.167.3,74,spam,12.04.2020 06:00,1
1.160.8.142,74,spam,12.04.2020 06:00,1
1.160.163.165,74,spam,15.01.2020 06:30,1
1.164.175.61,74,spam,02.01.2020 05:50,1
1.162.103.13,74,spam,16.11.2019 06:00,1
1.160.160.132,74,spam,08.11.2019 09:50,1
1.53.5.81,74,spam,06.09.2019 18:10,1
1.162.98.192,74,spam,20.08.2019 10:20,1
1.55.239.229,74,spam,03.10.2016 03:10,1
1.52.57.205,74,spam,30.08.2016 04:00,1
1.55.204.146,74,spam,04.08.2016 06:40,1
1.164.173.146,74,spam,05.04.2020 05:50,1
1.54.207.58,74,spam,12.04.2020 01:50,1
1.162.122.150,74,spam,12.04.2020 01:50,1
1.160.33.138,74,spam,12.04.2020 01:50,1
1.163.26.4,74,spam,30.08.2016 17:30,1
1.52.201.110,74,spam,28.02.2017 23:20,1
1.55.108.58,74,spam,18.05.2016 02:20,1
1.52.235.7,74,spam,11.04.2020 17:50,1
1.52.58.38,74,spam,11.04.2020 14:00,1
1.54.251.163,74,spam,11.04.2020 14:00,1
1.53.208.143,74,spam,23.03.2020 14:00,1
1.52.194.199,74,spam,11.04.2020 10:00,1
1.162.123.160,74,spam,11.04.2020 06:10,1
1.162.160.129,74,spam,11.04.2020 06:10,1
1.53.156.7,74,spam,11.04.2020 06:10,1
1.55.171.143,74,spam,11.04.2020 06:10,1
1.164.174.44,74,spam,11.04.2020 06:10,1
1.55.94.93,74,spam,23.10.2019 18:11,1
1.162.104.180,74,spam,10.04.2020 02:00,1
1.52.196.126,74,spam,07.03.2020 14:00,1
1.55.219.82,74,spam,06.11.2019 10:10,1
1.162.108.102,74,spam,13.01.2020 02:30,1
1.160.167.222,74,spam,14.03.2020 06:00,1
1.162.97.50,74,spam,06.04.2020 06:00,1
1.161.162.182,74,spam,28.09.2018 02:00,1
1.160.160.66,74,spam,29.03.2020 10:00,1
1.54.169.72,74,spam,31.03.2020 02:10,1
1.46.10.29,74,spam,10.04.2020 09:50,1
1.53.253.16,74,spam,10.04.2020 17:50,1
1.54.30.94,74,spam,10.04.2020 17:50,1
1.53.211.91,74,spam,10.04.2020 13:50,1
1.53.112.169,74,spam,10.04.2020 13:50,1
1.22.125.8,74,spam,10.04.2020 13:50,1
1.52.9.82,74,spam,07.04.2020 09:50,1
1.52.194.168,74,spam,10.04.2020 09:50,1
1.162.193.77,74,spam,10.04.2020 09:50,1
1.22.193.17,74,spam,31.03.2020 18:00,1
1.164.170.99,74,spam,06.12.2019 05:50,1
1.55.93.74,74,spam,17.08.2017 06:40,1
1.54.5.1,74,spam,30.03.2020 05:50,1
1.162.163.15,74,spam,10.04.2020 02:00,1
1.22.165.35,74,spam,10.04.2020 02:00,1
1.55.55.180,74,spam,10.04.2020 02:00,1
1.55.55.233,74,spam,10.04.2020 02:00,1
1.164.173.248,74,spam,19.03.2020 06:10,1
1.53.237.173,74,spam,09.04.2020 22:00,1
1.53.199.192,74,spam,29.11.2016 14:40,1
1.54.251.241,74,spam,09.04.2020 18:00,1
1.52.199.23,74,spam,05.04.2020 14:00,1
1.55.142.229,74,spam,04.08.2016 15:20,1
1.52.205.238,74,spam,09.04.2020 13:50,1
1.55.207.151,74,spam,02.08.2016 02:50,1
1.55.51.47,74,spam,09.04.2020 10:00,1
1.162.56.139,74,spam,09.04.2020 10:00,1
1.54.214.8,74,spam,28.06.2017 06:30,1
1.162.192.17,74,spam,09.04.2020 06:00,1
1.162.192.60,74,spam,09.04.2020 06:00,1
1.163.28.110,74,spam,09.04.2020 06:00,1
1.163.33.144,74,spam,09.04.2020 06:00,1
1.53.225.212,74,spam,09.04.2020 06:00,1
1.164.171.147,74,spam,25.03.2020 09:50,1
1.53.210.42,74,spam,23.08.2016 02:40,1
1.52.66.191,74,spam,06.06.2016 14:30,1
1.47.15.222,74,spam,06.04.2020 17:50,1
1.160.16.74,74,spam,08.04.2020 10:00,1
1.39.29.44,74,spam,08.04.2020 10:00,1
1.164.175.231,74,spam,08.04.2020 10:00,1
1.163.38.218,74,spam,05.11.2019 05:50,1
1.53.114.231,74,spam,01.08.2019 06:20,1
1.55.235.106,74,spam,30.06.2017 20:10,1
1.54.18.242,74,spam,08.04.2020 06:10,1
1.162.217.210,74,spam,08.04.2020 06:10,1
1.162.105.14,74,spam,08.04.2020 06:10,1
1.23.253.34,74,spam,08.04.2020 06:10,1
1.160.6.61,74,spam,08.04.2020 06:10,1
1.55.206.99,74,spam,06.06.2016 07:00,1
1.52.213.27,74,spam,20.03.2020 02:00,1
1.160.163.110,74,spam,25.02.2020 01:50,1
1.160.27.46,74,spam,08.04.2020 01:50,1
1.54.198.49,74,spam,04.04.2020 17:50,1
1.162.109.88,74,spam,17.01.2020 09:50,1
1.52.37.180,74,spam,05.01.2017 14:40,1
1.46.172.26,74,spam,07.04.2020 21:50,1
1.53.142.142,74,spam,28.06.2019 06:13,1
1.23.225.61,74,spam,28.02.2018 13:40,1
1.22.103.108,74,spam,07.04.2020 18:00,1
1.53.38.115,74,spam,07.04.2020 18:00,1
1.54.205.69,74,spam,31.08.2019 18:20,1
1.39.196.82,74,spam,30.03.2020 18:10,1
1.53.151.227,74,spam,05.04.2020 14:00,1
1.53.225.5,74,spam,05.04.2020 05:50,1
1.53.205.123,74,spam,07.04.2020 13:50,1
1.52.173.121,74,spam,07.04.2020 13:50,1
1.52.198.1,74,spam,04.04.2020 05:50,1
1.163.27.160,74,spam,04.04.2020 02:00,1
1.53.243.55,74,spam,02.04.2020 18:00,1
1.162.209.178,74,spam,15.03.2020 22:00,1
1.47.196.88,74,spam,07.04.2020 02:00,1
1.55.94.171,74,spam,22.11.2019 14:10,1
1.39.30.11,74,spam,07.04.2020 09:50,1
1.160.165.17,74,spam,13.08.2019 06:20,1
1.55.92.161,74,spam,07.04.2020 06:00,1
1.55.109.212,74,spam,25.07.2016 14:40,1
1.55.164.91,74,spam,31.10.2016 10:40,1
1.160.16.24,74,spam,07.04.2020 02:00,1
1.23.195.65,74,spam,07.04.2020 02:00,1
1.52.235.229,74,spam,07.04.2020 02:00,1
1.53.38.30,74,spam,06.04.2020 22:00,1
1.52.137.168,74,spam,06.04.2020 22:00,1
1.46.131.63,74,spam,06.04.2020 22:00,1
1.55.191.140,74,spam,06.04.2020 22:00,1
1.55.1.4,74,spam,06.04.2020 22:00,1
1.55.109.184,74,spam,06.04.2020 17:50,1
1.53.183.250,74,spam,06.04.2020 17:50,1
1.52.167.5,74,spam,06.04.2020 13:50,1
1.53.199.82,74,spam,26.12.2017 05:40,1
1.46.4.203,74,spam,06.04.2020 09:50,1
1.23.104.244,74,spam,06.04.2020 09:50,1
1.160.1.84,74,spam,11.10.2016 14:40,1
1.39.25.31,74,spam,06.08.2016 18:40,1
1.39.25.50,74,spam,28.07.2016 18:41,1
1.38.182.120,74,spam,06.04.2020 06:00,1
1.160.38.162,74,spam,06.04.2020 06:00,1
1.162.98.91,74,spam,06.04.2020 06:00,1
1.163.163.178,74,spam,06.04.2020 06:00,1
1.162.101.178,74,spam,27.10.2019 06:20,1
1.160.10.66,74,spam,06.04.2020 02:00,1
1.160.165.39,74,spam,02.02.2020 06:00,1
1.31.63.173,74,spam,01.04.2020 17:50,1
1.53.14.244,74,spam,30.03.2020 14:00,1
1.53.23.18,74,spam,03.10.2016 03:10,1
1.52.235.241,74,spam,05.04.2020 18:00,1
1.53.6.164,74,spam,05.04.2020 18:00,1
1.23.230.51,74,spam,05.04.2020 18:00,1
1.46.64.156,74,spam,05.04.2020 18:00,1
1.163.130.104,74,spam,05.04.2020 18:00,1
1.39.200.32,74,spam,12.02.2020 09:50,1
1.55.51.155,74,spam,02.04.2020 21:50,1
1.39.22.34,74,spam,05.04.2020 14:00,1
1.55.59.80,74,spam,05.04.2020 10:00,1
1.164.175.39,74,spam,05.04.2020 10:00,1
1.164.172.224,74,spam,05.04.2020 10:00,1
1.46.102.157,74,spam,05.04.2020 05:50,1
1.161.99.180,74,spam,05.04.2020 05:50,1
1.53.6.173,74,spam,05.04.2020 05:50,1
1.160.161.221,74,spam,27.02.2020 01:50,1
1.162.102.198,74,spam,16.11.2019 01:50,1
1.52.168.89,74,spam,14.08.2019 10:10,1
1.160.161.141,74,spam,01.09.2016 23:10,1
1.55.192.179,74,spam,06.07.2016 11:11,1
1.35.178.11,74,spam,28.03.2020 10:00,1
1.164.174.9,74,spam,25.03.2020 06:00,1
1.164.175.139,74,spam,11.12.2019 01:50,1
1.59.183.253,74,spam,05.04.2020 01:50,1
1.47.224.217,74,spam,05.04.2020 01:50,1
1.163.29.64,74,spam,18.02.2020 02:10,1
1.162.223.151,74,spam,06.01.2020 10:00,1
1.53.2.172,74,spam,04.04.2020 21:50,1
1.53.156.197,74,spam,04.04.2020 21:50,1
1.55.198.159,74,spam,07.06.2016 06:50,1
1.164.241.137,74,spam,30.03.2020 01:50,1
1.53.167.100,74,spam,04.04.2020 17:50,1
1.46.67.184,74,spam,09.01.2017 23:20,1
1.52.121.44,74,spam,17.11.2016 02:40,1
1.163.29.25,74,spam,31.03.2020 02:10,1
1.53.217.7,74,spam,04.04.2020 13:50,1
1.132.182.24,74,spam,04.04.2020 13:50,1
1.46.41.241,74,spam,04.04.2020 13:50,1
1.46.3.221,74,spam,29.02.2020 09:50,1
1.46.160.1,74,spam,04.10.2016 06:10,1
1.55.210.134,74,spam,04.04.2020 09:50,1
1.55.52.29,74,spam,04.04.2020 09:50,1
1.162.101.184,74,spam,23.12.2019 02:00,1
1.53.219.235,74,spam,04.04.2020 05:50,1
1.53.196.76,74,spam,04.04.2020 05:50,1
1.160.166.34,74,spam,01.11.2019 10:00,1
1.53.8.148,74,spam,23.03.2020 01:50,1
1.53.54.37,74,spam,03.04.2020 10:00,1
1.164.169.115,74,spam,17.03.2020 01:50,1
1.53.212.18,74,spam,27.03.2020 06:00,1
1.55.186.245,74,spam,03.04.2020 22:00,1
1.39.200.77,74,spam,08.05.2019 13:40,1
1.53.37.184,74,spam,17.11.2016 10:40,1
1.23.78.123,74,spam,15.10.2016 10:40,1
1.47.45.58,74,spam,01.04.2020 10:00,1
1.132.140.117,74,spam,03.04.2020 14:00,1
1.55.52.206,74,spam,03.04.2020 10:00,1
1.53.212.3,74,spam,24.03.2020 13:50,1
1.52.198.148,74,spam,30.11.2019 05:50,1
1.23.196.120,74,spam,06.12.2016 10:50,1
1.160.4.181,74,spam,03.04.2020 05:50,1
1.52.173.5,74,spam,03.04.2020 05:50,1
1.163.34.12,74,spam,03.04.2020 05:50,1
1.164.170.186,74,spam,03.04.2020 05:50,1
1.163.55.149,74,spam,03.04.2020 02:00,1
1.163.34.215,74,spam,03.04.2020 02:00,1
1.163.29.134,74,spam,03.04.2020 02:00,1
1.52.153.159,74,spam,03.04.2020 02:00,1
1.160.39.82,74,spam,03.04.2020 02:00,1
1.23.225.145,74,spam,02.04.2020 18:00,1
1.46.32.124,74,spam,02.04.2020 18:00,1
1.52.106.167,74,spam,18.11.2016 18:40,1
1.52.153.158,74,spam,01.04.2020 14:00,1
1.53.200.47,74,spam,01.04.2020 05:50,1
1.55.15.211,74,spam,27.03.2020 10:10,1
1.164.174.45,74,spam,02.04.2020 09:50,1
1.53.130.74,74,spam,02.04.2020 09:50,1
1.162.215.1,74,spam,02.04.2020 09:50,1
1.35.178.19,74,spam,02.04.2020 09:50,1
1.162.102.66,74,spam,14.03.2020 21:50,1
1.162.220.60,74,spam,01.12.2019 02:00,1
1.132.131.167,74,spam,02.04.2020 06:00,1
1.164.170.157,74,spam,02.04.2020 06:00,1
1.164.172.54,74,spam,14.12.2019 05:50,1
1.163.43.209,74,spam,11.07.2016 07:00,1
1.162.110.124,74,spam,10.10.2019 02:10,1
1.164.170.191,74,spam,13.03.2020 09:50,1
1.163.41.235,74,spam,02.04.2020 01:50,1
1.162.217.81,74,spam,02.04.2020 01:50,1
1.160.15.164,74,spam,14.01.2020 13:50,1
1.162.109.14,74,spam,08.08.2019 10:20,1
1.55.181.22,74,spam,30.05.2016 03:00,1
1.47.8.186,74,spam,06.07.2016 11:13,1
1.55.103.48,74,spam,01.04.2020 17:50,1
1.53.75.125,74,spam,27.07.2016 14:30,1
1.53.36.112,74,spam,03.10.2016 14:50,1
1.46.160.211,74,spam,01.04.2020 14:00,1
1.132.240.56,74,spam,01.04.2020 14:00,1
1.47.194.208,74,spam,01.04.2020 10:00,1
1.53.36.164,74,spam,01.04.2020 10:00,1
1.162.208.138,74,spam,01.04.2020 10:00,1
1.55.54.86,74,spam,01.04.2020 10:00,1
1.55.164.115,74,spam,01.04.2020 10:00,1
1.160.163.78,74,spam,13.02.2020 10:00,1
1.162.96.7,74,spam,07.11.2019 02:00,1
1.55.164.29,74,spam,14.08.2016 15:01,1
1.164.171.218,74,spam,01.04.2020 05:50,1
1.162.214.243,74,spam,01.04.2020 05:50,1
1.162.223.139,74,spam,01.04.2020 05:50,1
1.46.66.159,74,spam,01.04.2020 05:50,1
1.47.98.243,74,spam,29.11.2017 13:50,1
1.164.168.98,74,spam,15.03.2020 17:50,1
1.163.36.193,74,spam,01.04.2020 01:50,1
1.160.23.53,74,spam,01.04.2020 01:50,1
1.160.26.164,74,spam,02.12.2019 06:00,1
1.22.209.194,74,spam,31.03.2020 22:20,1
1.54.124.139,74,spam,31.03.2020 22:20,1
1.38.166.208,74,spam,31.03.2020 18:00,1
1.55.92.230,74,spam,07.09.2016 09:00,1
1.161.93.166,74,spam,29.12.2019 22:00,1
1.55.117.59,74,spam,16.11.2016 10:40,1
1.160.167.118,74,spam,17.02.2020 06:00,1
1.23.232.201,74,spam,31.03.2020 10:10,1
1.52.174.18,74,spam,23.03.2020 14:00,1
1.163.26.117,74,spam,31.03.2020 06:00,1
1.161.165.116,74,spam,31.03.2020 06:00,1
1.163.40.219,74,spam,29.11.2019 07:30,1
1.54.197.33,74,spam,29.03.2020 06:00,1
1.52.103.153,74,spam,24.07.2019 18:20,1
1.162.102.208,74,spam,28.10.2019 08:56,1
1.162.208.222,74,spam,31.03.2020 02:10,1
1.160.2.24,74,spam,31.03.2020 02:10,1
1.163.52.250,74,spam,10.02.2020 01:50,1
1.164.172.44,74,spam,11.03.2020 06:00,1
1.164.174.40,74,spam,03.03.2020 06:20,1
1.164.172.71,74,spam,30.03.2020 05:50,1
1.119.196.246,74,spam,23.03.2020 22:00,1
1.39.77.66,74,spam,30.03.2020 18:10,1
1.56.223.13,74,spam,29.03.2020 06:00,1
1.54.97.13,74,spam,22.03.2020 06:00,1
1.47.33.57,74,spam,29.03.2020 10:00,1
1.53.11.222,74,spam,30.03.2020 14:00,1
1.54.79.165,74,spam,30.03.2020 14:00,1
1.39.143.126,74,spam,23.02.2019 09:40,1
1.52.195.205,74,spam,30.03.2020 09:50,1
1.55.55.237,74,spam,30.03.2020 09:50,1
1.39.24.13,74,spam,02.10.2016 19:34,1
1.60.117.36,74,spam,29.03.2020 14:00,1
1.55.251.41,74,spam,30.03.2020 05:50,1
1.163.43.246,74,spam,30.03.2020 05:50,1
1.132.181.133,74,spam,30.03.2020 05:50,1
1.160.7.74,74,spam,30.03.2020 05:50,1
1.52.196.61,74,spam,30.03.2020 05:50,1
1.52.174.184,74,spam,30.03.2020 05:50,1
1.152.139.19,74,spam,30.03.2020 01:50,1
1.163.51.32,74,spam,30.03.2020 01:50,1
1.162.106.247,74,spam,23.03.2020 06:00,1
1.162.223.233,74,spam,29.02.2020 09:50,1
1.160.163.170,74,spam,18.03.2020 10:00,1
1.53.36.251,74,spam,23.03.2020 06:00,1
1.52.51.127,74,spam,29.03.2020 21:50,1
1.46.131.39,74,spam,29.03.2020 21:50,1
1.38.92.119,74,spam,18.11.2018 05:50,1
1.132.225.131,74,spam,29.03.2020 17:50,1
1.47.108.147,74,spam,29.03.2020 14:00,1
1.38.165.11,74,spam,29.03.2020 14:00,1
1.54.251.0,74,spam,29.03.2020 14:00,1
1.46.231.247,74,spam,19.05.2018 09:40,1
1.55.239.102,74,spam,16.11.2016 06:40,1
1.160.34.11,74,spam,29.03.2020 10:00,1
1.38.89.70,74,spam,29.03.2020 10:00,1
1.53.243.159,74,spam,23.03.2020 18:00,1
1.162.107.222,74,spam,15.01.2020 02:10,1
1.160.11.108,74,spam,21.11.2019 10:00,1
1.46.75.82,74,spam,07.05.2019 09:40,1
1.160.29.164,74,spam,29.03.2020 06:00,1
1.53.196.166,74,spam,29.03.2020 06:00,1
1.53.154.232,74,spam,29.03.2020 06:00,1
1.53.2.59,74,spam,29.03.2020 06:00,1
1.163.42.2,74,spam,29.03.2020 06:00,1
1.55.205.16,74,spam,29.03.2020 06:00,1
1.54.252.21,74,spam,29.03.2020 06:00,1
1.55.92.2,74,spam,29.03.2020 06:00,1
1.164.172.81,74,spam,29.03.2020 06:00,1
1.54.208.151,74,spam,12.11.2016 02:40,1
1.164.174.217,74,spam,02.03.2020 05:50,1
1.162.98.160,74,spam,29.03.2020 02:00,1
1.160.32.49,74,spam,29.03.2020 02:00,1
1.160.13.95,74,spam,29.03.2020 02:00,1
1.160.161.171,74,spam,25.10.2019 18:20,1
1.158.94.162,74,spam,22.02.2020 13:50,1
1.47.131.56,74,spam,28.03.2020 18:10,1
1.22.121.75,74,spam,28.03.2020 18:10,1
1.53.148.70,74,spam,07.01.2020 05:50,1
1.38.128.87,74,spam,28.03.2020 14:00,1
1.38.200.224,74,spam,28.03.2020 14:00,1
1.39.30.12,74,spam,28.03.2020 14:00,1
1.52.36.96,74,spam,24.06.2017 18:40,1
1.53.39.52,74,spam,29.07.2016 19:40,1
1.53.48.90,74,spam,25.03.2020 17:50,1
1.47.232.169,74,spam,23.02.2020 18:00,1
1.47.195.9,74,spam,28.03.2020 10:00,1
1.38.244.8,74,spam,28.03.2020 10:00,1
1.38.200.18,74,spam,28.03.2020 10:00,1
1.163.30.81,74,spam,28.03.2020 10:00,1
1.35.177.193,74,spam,29.02.2020 02:00,1
1.35.178.162,74,spam,04.11.2019 09:50,1
1.47.1.148,74,spam,29.08.2016 13:30,1
1.55.126.125,74,spam,16.01.2020 05:50,1
1.55.207.231,74,spam,28.03.2020 06:10,1
1.162.109.192,74,spam,11.03.2018 05:40,1
1.54.227.136,74,spam,27.03.2020 14:10,1
1.164.168.151,74,spam,28.03.2020 01:50,1
1.160.34.187,74,spam,28.03.2020 01:50,1
1.160.22.126,74,spam,28.03.2020 01:50,1
1.53.17.16,74,spam,27.03.2020 21:50,1
1.52.125.64,74,spam,21.08.2017 06:20,1
1.53.80.161,74,spam,27.03.2020 17:50,1
1.53.37.150,74,spam,13.08.2016 03:00,1
1.53.198.147,74,spam,27.03.2020 14:10,1
1.47.199.5,74,spam,27.03.2020 14:10,1
1.55.1.210,74,spam,27.03.2020 14:10,1
1.55.100.72,74,spam,22.06.2016 07:00,1
1.55.52.224,74,spam,27.03.2020 10:10,1
1.46.141.111,74,spam,27.03.2020 10:10,1
1.52.184.224,74,spam,27.03.2020 10:10,1
1.53.154.151,74,spam,18.01.2020 18:00,1
1.162.102.245,74,spam,14.11.2019 01:50,1
1.163.26.244,74,spam,27.03.2020 06:00,1
1.52.27.244,74,spam,27.03.2020 06:00,1
1.160.38.118,74,spam,27.03.2020 06:00,1
1.163.169.67,74,spam,27.03.2020 06:00,1
1.164.169.49,74,spam,18.03.2020 02:00,1
1.53.36.202,74,spam,25.03.2020 22:10,1
1.53.5.143,74,spam,26.03.2020 17:50,1
1.47.43.225,74,spam,26.03.2020 17:50,1
1.39.77.253,74,spam,26.03.2020 17:50,1
1.46.224.159,74,spam,01.05.2019 21:50,1
1.52.61.61,74,spam,25.03.2020 22:10,1
1.46.36.230,74,spam,24.07.2017 06:40,1
1.46.39.220,74,spam,26.03.2020 13:50,1
1.39.192.51,74,spam,26.03.2020 13:50,1
1.55.146.0,74,spam,26.03.2020 13:50,1
1.54.8.54,74,spam,14.12.2019 21:50,1
1.53.37.101,74,spam,15.03.2020 06:10,1
1.54.203.103,74,spam,12.12.2019 05:50,1
1.52.55.197,74,spam,21.03.2020 17:50,1
1.54.242.250,74,spam,26.03.2020 10:10,1
1.160.163.161,74,spam,19.01.2020 02:10,1
1.163.48.68,74,spam,21.12.2019 02:00,1
1.55.40.96,74,spam,18.07.2016 07:00,1
1.55.199.102,74,spam,25.07.2016 11:20,1
1.54.8.255,74,spam,12.06.2018 09:50,1
1.52.172.139,74,spam,04.03.2020 22:00,1
1.164.171.105,74,spam,13.11.2019 02:00,1
1.53.206.35,74,spam,09.08.2019 14:10,1
1.46.34.37,74,spam,14.08.2017 02:50,1
1.55.49.220,74,spam,09.06.2016 23:00,1
1.164.168.253,74,spam,26.03.2020 02:00,1
1.160.17.231,74,spam,26.03.2020 02:00,1
1.38.181.137,74,spam,25.03.2020 22:10,1
1.22.167.59,74,spam,25.03.2020 22:10,1
1.47.35.29,74,spam,18.08.2017 18:40,1
1.53.5.49,74,spam,25.03.2020 17:50,1
1.53.7.202,74,spam,25.03.2020 17:50,1
1.55.93.60,74,spam,25.03.2020 17:50,1
1.47.75.153,74,spam,09.01.2017 23:20,1
1.55.64.189,74,spam,02.10.2016 19:33,1
1.47.203.159,74,spam,25.03.2020 14:00,1
1.52.202.46,74,spam,25.03.2020 14:00,1
1.54.206.60,74,spam,24.02.2020 22:00,1
1.23.246.16,74,spam,18.07.2018 17:50,1
1.53.30.249,74,spam,15.03.2020 09:50,1
1.52.57.227,74,spam,22.03.2020 09:50,1
1.160.166.250,74,spam,25.03.2020 09:50,1
1.55.86.233,74,spam,25.03.2020 09:50,1
1.23.194.35,74,spam,27.07.2019 14:10,1
1.160.34.113,74,spam,25.03.2020 06:00,1
1.162.212.209,74,spam,25.03.2020 06:00,1
1.162.51.28,74,spam,24.03.2020 02:00,1
1.162.162.213,74,spam,25.03.2020 02:10,1
1.160.34.66,74,spam,25.03.2020 02:10,1
1.39.173.137,74,spam,24.03.2020 21:50,1
1.53.8.38,74,spam,24.03.2020 21:50,1
1.163.46.195,74,spam,21.03.2020 09:50,1
1.52.130.190,74,spam,24.03.2020 17:50,1
1.55.61.150,74,spam,21.03.2020 14:00,1
1.54.67.130,74,spam,24.03.2020 13:50,1
1.38.80.76,74,spam,24.03.2020 13:50,1
1.23.226.167,74,spam,27.03.2019 21:50,1
1.53.17.204,74,spam,27.10.2018 01:40,1
1.54.208.78,74,spam,15.10.2017 03:20,1
1.54.6.197,74,spam,03.08.2016 14:40,1
1.53.88.216,74,spam,09.03.2020 10:00,1
1.53.26.233,74,spam,24.03.2020 10:10,1
1.162.109.96,74,spam,24.03.2020 10:10,1
1.160.10.4,74,spam,24.03.2020 10:10,1
1.160.165.200,74,spam,24.03.2020 10:10,1
1.52.53.237,74,spam,29.07.2019 14:20,1
1.23.56.190,74,spam,23.03.2020 18:00,1
1.52.110.147,74,spam,28.10.2019 14:00,1
1.162.102.214,74,spam,24.03.2020 06:10,1
1.162.212.73,74,spam,24.03.2020 06:10,1
1.52.235.14,74,spam,24.03.2020 06:10,1
1.164.170.84,74,spam,24.03.2020 06:10,1
1.162.127.134,74,spam,24.03.2020 02:00,1
1.162.167.4,74,spam,24.03.2020 02:00,1
1.160.16.194,74,spam,24.03.2020 02:00,1
1.162.110.138,74,spam,28.01.2020 02:00,1
1.53.200.149,74,spam,14.03.2020 10:10,1
1.53.158.107,74,spam,23.03.2020 18:00,1
1.160.124.143,74,spam,22.03.2020 09:50,1
1.53.199.115,74,spam,23.03.2020 06:00,1
1.53.206.111,74,spam,23.03.2020 10:10,1
1.47.45.153,74,spam,23.03.2020 10:10,1
1.53.36.194,74,spam,22.03.2020 22:00,1
1.162.215.194,74,spam,23.03.2020 06:00,1
1.162.102.163,74,spam,23.03.2020 06:00,1
1.162.108.25,74,spam,23.03.2020 06:00,1
1.160.4.177,74,spam,23.03.2020 06:00,1
1.160.35.191,74,spam,23.03.2020 06:00,1
1.160.34.215,74,spam,23.03.2020 06:00,1
1.164.173.168,74,spam,23.03.2020 06:00,1
1.164.169.120,74,spam,23.03.2020 01:50,1
1.162.214.149,74,spam,23.03.2020 01:50,1
1.163.44.112,74,spam,02.03.2020 02:10,1
1.52.35.83,74,spam,16.11.2017 05:50,1
1.55.45.168,74,spam,15.07.2016 18:30,1
1.55.207.34,74,spam,22.03.2020 18:00,1
1.23.79.69,74,spam,22.03.2020 18:00,1
1.1.110.21,74,spam,22.03.2020 18:00,1
1.46.110.148,74,spam,28.10.2016 15:50,1
1.47.76.87,74,spam,22.03.2020 13:50,1
1.38.52.136,74,spam,22.03.2020 13:50,1
1.54.194.72,74,spam,01.09.2016 02:30,1
1.162.109.232,74,spam,10.01.2020 06:00,1
1.55.42.166,74,spam,14.11.2016 06:40,1
1.53.67.23,74,spam,17.03.2020 10:10,1
1.52.194.77,74,spam,03.02.2020 17:50,1
1.53.36.20,74,spam,19.03.2020 18:00,1
1.162.220.80,74,spam,22.03.2020 06:00,1
1.160.8.143,74,spam,22.03.2020 06:00,1
1.54.252.244,74,spam,22.03.2020 06:00,1
1.164.138.215,74,spam,22.03.2020 06:00,1
1.162.213.192,74,spam,22.03.2020 02:00,1
1.54.124.54,74,spam,22.03.2020 02:00,1
1.53.196.101,74,spam,17.03.2020 18:00,1
1.160.26.143,74,spam,09.02.2020 09:50,1
1.46.104.224,74,spam,21.03.2020 21:50,1
1.39.250.82,74,spam,21.03.2020 17:50,1
1.53.39.14,74,spam,21.03.2020 17:50,1
1.52.174.17,74,spam,21.03.2020 17:50,1
1.164.46.47,74,spam,21.03.2020 17:50,1
1.46.100.57,74,spam,02.11.2017 19:20,1
1.55.93.25,74,spam,11.09.2016 10:30,1
1.53.195.18,74,spam,21.03.2020 14:00,1
1.53.195.103,74,spam,21.03.2020 14:00,1
1.52.37.14,74,spam,19.11.2016 14:40,1
1.53.12.78,74,spam,29.07.2016 19:40,1
1.39.240.57,74,spam,25.02.2020 10:00,1
1.47.162.127,74,spam,13.06.2018 05:40,1
1.39.212.90,74,spam,21.03.2020 09:50,1
1.53.171.74,74,spam,21.03.2020 09:50,1
1.54.173.19,74,spam,21.03.2020 09:50,1
1.162.107.250,74,spam,21.03.2020 09:50,1
1.55.188.79,74,spam,21.03.2020 09:50,1
1.160.24.98,74,spam,22.12.2019 10:20,1
1.160.28.198,74,spam,21.03.2020 06:00,1
1.53.43.72,74,spam,21.03.2020 06:00,1
1.55.1.64,74,spam,21.03.2020 06:00,1
1.164.169.154,74,spam,21.03.2020 06:00,1
1.160.30.64,74,spam,05.01.2020 05:50,1
1.23.209.221,74,spam,21.03.2020 02:10,1
1.162.102.171,74,spam,21.03.2020 02:10,1
1.163.55.1,74,spam,21.03.2020 02:10,1
1.160.37.103,74,spam,31.10.2019 06:00,1
1.23.41.5,74,spam,17.11.2018 17:40,1
1.164.171.25,74,spam,09.03.2020 06:20,1
1.164.169.28,74,spam,18.03.2020 05:50,1
1.39.174.81,74,spam,20.03.2020 22:00,1
1.160.35.62,74,spam,20.03.2020 22:00,1
1.53.169.13,74,spam,20.03.2020 22:00,1
1.163.37.64,74,spam,20.03.2020 22:00,1
1.53.115.47,74,spam,17.12.2016 14:40,1
1.47.77.197,74,spam,11.03.2020 18:00,1
1.53.196.170,74,spam,20.03.2020 18:00,1
1.53.88.44,74,spam,30.12.2019 18:10,1
1.53.207.117,74,spam,15.11.2017 05:40,1
1.55.43.131,74,spam,29.07.2016 06:30,1
1.162.214.103,74,spam,20.03.2020 10:00,1
1.162.211.95,74,spam,20.03.2020 10:00,1
1.162.218.23,74,spam,20.03.2020 10:00,1
1.164.172.120,74,spam,31.12.2019 01:50,1
1.164.169.237,74,spam,07.08.2019 18:20,1
1.52.125.168,74,spam,11.12.2017 13:40,1
1.38.92.65,74,spam,19.03.2020 14:00,1
1.46.238.175,74,spam,20.03.2020 05:50,1
1.53.19.140,74,spam,20.03.2020 05:50,1
1.160.7.191,74,spam,10.10.2016 14:40,1
1.163.30.53,74,spam,20.03.2020 02:00,1
1.164.11.99,74,spam,20.03.2020 02:00,1
1.22.109.126,74,spam,21.09.2019 18:10,1
1.46.204.147,74,spam,09.06.2018 17:40,1
1.55.216.61,74,spam,29.07.2016 19:40,1
1.52.124.75,74,spam,12.12.2016 22:10,1
1.55.135.52,74,spam,20.10.2018 05:40,1
1.39.165.182,74,spam,19.03.2020 14:00,1
1.38.188.47,74,spam,19.03.2020 14:00,1
1.160.21.168,74,spam,19.03.2020 09:50,1
1.160.38.14,74,spam,19.03.2020 09:50,1
1.55.210.80,74,spam,19.03.2020 09:50,1
1.164.174.24,74,spam,28.12.2019 06:10,1
1.163.46.13,74,spam,19.03.2020 06:10,1
1.47.69.228,74,spam,17.03.2020 01:50,1
1.157.194.136,74,spam,19.03.2020 01:50,1
1.160.14.139,74,spam,19.03.2020 01:50,1
1.163.32.244,74,spam,06.03.2020 09:50,1
1.164.173.7,74,spam,18.03.2020 05:50,1
1.164.170.160,74,spam,04.03.2020 09:50,1
1.160.14.212,74,spam,24.02.2020 06:20,1
5.45.119.214,73,malware,16.12.2019 14:02,4
5.101.51.17,72,malware,11.04.2020 20:35,2
13.226.175.206,72,malware,22.11.2019 22:47,2
8.208.77.77,72,malware,30.03.2020 13:24,2
5.53.124.110,72,malware,28.08.2019 09:16,2
5.196.190.88,71,malware,11.12.2018 06:33,2
34.225.190.7,70,malware,28.01.2019 23:36,5
5.45.79.15,70,malware,16.06.2018 14:46,5
5.149.248.86,70,malware,02.06.2016 04:58,4
5.45.77.45,70,malware,25.05.2015 00:00,4
5.149.249.217,70,malware,21.12.2018 20:55,4
13.89.172.3,70,malware,13.06.2019 07:22,4
13.33.232.116,70,malware,23.11.2017 06:10,4
3.95.35.190,70,malware,12.02.2019 07:24,3
3.6.147.243,70,malware,08.04.2020 08:06,3
5.45.79.187,70,malware,16.06.2018 21:15,2
5.101.118.110,70,malware,05.07.2019 12:18,2
5.45.77.124,70,malware,29.06.2018 18:26,2
5.45.77.188,70,malware,20.04.2017 18:38,2
5.45.78.129,70,malware,27.02.2018 14:42,2
2.228.165.5,70,malware,27.09.2019 11:29,2
5.45.77.177,70,malware,29.06.2018 18:32,2
5.45.70.170,70,malware,10.04.2020 13:34,2
5.45.69.73,70,malware,20.01.2015 00:00,2
13.238.149.51,70,malware,07.03.2019 02:32,2
5.45.77.50,70,malware,20.02.2015 00:00,2
13.57.142.106,70,malware,16.05.2018 15:59,2
5.45.73.116,70,malware,20.09.2017 19:35,2
8.208.79.87,70,malware,10.04.2020 05:35,2
13.127.97.48,70,malware,12.07.2019 07:01,2
5.61.56.138,70,malware,25.02.2020 12:32,2
5.188.238.165,70,malware,09.04.2020 13:05,2
5.188.33.119,70,malware,07.04.2020 15:18,2
1.85.56.94,70,malware,09.06.2016 10:36,1
3.16.138.95,69,malware,25.03.2020 13:58,3
3.210.127.10,69,malware,16.01.2020 21:22,2
13.32.171.177,69,malware,10.03.2020 23:31,2
13.35.39.27,68,malware,06.02.2020 01:28,3
5.175.14.16,68,malware,16.05.2019 13:54,2
2.57.184.172,68,malware,11.04.2020 19:47,2
2.57.184.93,68,malware,03.04.2020 16:03,2
13.226.175.207,68,malware,22.11.2019 18:28,2
13.226.175.230,68,malware,21.11.2019 11:11,2
5.8.35.160,67,malware,05.07.2018 00:54,2
5.61.41.230,67,malware,26.02.2020 14:18,2
13.226.175.68,67,malware,20.11.2019 21:42,2
5.61.38.164,66,malware,14.09.2019 00:32,3
5.9.16.239,66,malware,24.01.2015 00:00,2
13.89.172.9,66,malware,13.02.2020 18:34,2
8.209.71.181,66,malware,19.03.2020 22:23,2
5.77.60.38,65,malware,19.02.2019 08:51,2
13.33.232.223,65,malware,23.11.2017 22:44,2
13.226.175.128,65,malware,04.12.2019 13:03,2
13.89.172.8,64,malware,23.09.2019 13:35,3
3.6.183.194,64,malware,30.03.2020 03:20,2
8.208.20.145,64,malware,06.04.2020 20:30,2
13.226.175.10,64,malware,21.11.2019 16:05,2
5.101.51.211,64,malware,04.04.2020 15:18,2
13.224.196.183,64,malware,02.04.2020 06:12,2
5.189.218.15,64,malware,19.02.2020 19:51,2
2.42.173.240,64,malware,10.01.2020 22:32,2
13.226.175.188,63,malware,20.11.2019 20:57,5
5.8.76.190,63,malware,22.10.2019 22:32,5
13.33.232.231,63,malware,25.11.2017 03:51,5
3.133.233.59,63,malware,31.03.2020 04:32,4
13.33.232.32,63,malware,23.11.2017 09:42,4
3.22.20.248,63,malware,12.04.2020 04:40,3
3.136.248.162,63,malware,10.03.2020 13:14,3
13.224.226.118,63,malware,17.02.2020 22:58,3
5.135.158.234,63,malware,07.02.2020 13:20,2
3.135.145.73,63,malware,11.04.2020 17:54,2
14.63.170.116,63,malware,17.08.2018 04:59,2
5.188.238.160,63,malware,09.04.2020 14:47,2
5.188.238.162,63,malware,09.04.2020 13:05,2
13.225.210.109,63,malware,27.02.2020 03:45,2
13.226.175.44,63,malware,22.11.2019 03:32,2
13.226.175.30,63,malware,21.11.2019 11:11,2
13.226.175.231,63,malware,21.11.2019 02:36,2
8.209.90.18,63,malware,10.04.2020 20:24,2
13.35.199.41,63,malware,10.02.2020 22:29,2
34.107.128.118,62,malware,30.01.2020 18:48,5
13.35.39.214,62,malware,06.02.2020 04:30,2
13.226.175.175,62,malware,21.11.2019 10:08,2
13.226.175.75,62,malware,21.11.2019 02:34,2
13.75.34.162,62,malware,10.04.2020 04:57,2
13.225.18.151,62,malware,10.03.2020 22:26,2
13.224.226.111,61,malware,17.02.2020 23:53,3
13.32.171.3,61,malware,01.12.2019 09:43,2
13.33.232.15,61,malware,23.11.2017 04:10,2
13.226.175.176,61,malware,21.11.2019 10:36,2
3.95.127.160,60,malware,05.04.2020 17:27,5
3.228.208.8,60,malware,16.02.2020 06:44,5
3.217.8.118,60,malware,05.04.2020 17:27,5
3.232.194.193,60,malware,01.04.2020 00:56,5
34.203.49.65,60,malware,01.04.2020 00:56,5
34.224.160.47,60,malware,21.03.2020 11:54,5
34.231.228.237,60,malware,21.12.2019 20:02,5
34.195.102.220,60,malware,17.03.2020 02:10,5
5.45.75.248,60,malware,30.06.2018 18:07,4
13.33.232.41,60,malware,22.11.2017 21:09,4
13.33.232.19,60,malware,23.11.2017 04:05,4
13.33.232.78,60,malware,22.11.2017 22:07,4
13.33.232.114,60,malware,23.11.2017 00:21,4
13.33.232.124,60,malware,23.11.2017 02:35,3
13.35.39.94,60,malware,06.02.2020 05:10,2
13.226.175.132,60,malware,21.11.2019 09:55,2
13.226.175.40,60,malware,21.11.2019 02:36,2
8.208.10.42,60,malware,29.03.2020 17:47,2
13.226.175.13,60,malware,23.11.2019 11:47,2
13.35.218.46,60,malware,17.03.2020 08:26,2
13.226.185.108,60,malware,18.02.2020 02:44,2
13.33.232.193,59,malware,22.11.2017 22:07,3
5.189.133.156,59,malware,25.08.2018 12:10,2
5.196.143.183,59,malware,22.07.2018 17:00,2
14.102.148.13,59,malware,26.01.2015 00:00,2
5.9.127.244,59,malware,21.10.2015 00:00,2
5.230.65.20,59,malware,06.04.2020 11:31,2
13.226.175.134,59,malware,21.11.2019 02:36,2
13.226.175.71,59,malware,21.11.2019 01:40,2
13.224.226.6,59,malware,17.02.2020 22:56,2
13.226.175.112,59,malware,22.11.2019 10:30,2
2.56.96.96,58,malware,26.01.2020 12:14,3
13.89.172.22,58,malware,13.03.2020 19:21,3
5.101.118.111,58,malware,31.01.2020 11:47,2
5.39.6.24,58,malware,30.03.2020 18:41,2
13.225.18.128,58,malware,10.03.2020 22:36,2
13.226.201.97,58,malware,07.12.2019 06:11,2
13.226.201.60,58,malware,16.12.2019 04:38,2
13.226.175.74,58,malware,21.11.2019 22:36,2
13.226.175.61,58,malware,21.11.2019 10:06,2
13.226.175.138,58,malware,20.11.2019 21:43,2
13.226.175.14,58,malware,21.11.2019 03:14,2
13.224.226.141,58,malware,18.02.2020 01:40,2
13.226.175.161,57,malware,22.11.2019 17:06,2
13.33.54.87,57,malware,11.08.2018 17:14,2
3.133.14.144,56,malware,11.04.2020 03:25,4
3.22.88.16,56,malware,04.04.2020 03:32,3
13.226.173.71,56,malware,06.02.2020 15:19,3
3.137.4.33,56,malware,08.04.2020 09:10,3
8.12.16.58,56,malware,07.04.2020 14:57,3
13.225.245.215,56,malware,24.03.2020 20:37,3
13.35.118.45,56,malware,27.02.2020 00:53,3
13.224.226.104,56,malware,17.02.2020 23:19,3
3.17.63.69,56,malware,07.04.2020 04:12,3
3.135.169.215,56,malware,06.04.2020 15:02,3
3.22.72.247,56,malware,31.03.2020 14:54,3
8.208.78.124,56,malware,31.01.2020 02:30,3
3.21.151.163,56,malware,12.04.2020 04:19,2
3.136.147.207,56,malware,11.04.2020 20:12,2
13.58.62.5,56,malware,11.04.2020 19:27,2
5.101.51.102,56,malware,24.03.2020 09:51,2
3.22.102.13,56,malware,11.04.2020 06:29,2
3.20.253.27,56,malware,11.04.2020 06:07,2
3.21.188.208,56,malware,11.04.2020 03:25,2
3.22.142.165,56,malware,11.04.2020 03:25,2
3.22.4.2,56,malware,09.04.2020 21:39,2
3.21.141.254,56,malware,07.04.2020 02:53,2
13.225.196.54,56,malware,24.03.2020 20:39,2
13.225.210.121,56,malware,27.02.2020 03:08,2
1.255.226.231,56,malware,24.06.2019 06:37,2
3.21.202.4,56,malware,09.04.2020 21:46,2
13.236.86.92,56,malware,09.04.2020 20:28,2
13.33.73.201,56,malware,02.04.2020 06:53,2
13.249.89.171,56,malware,02.04.2020 02:23,2
13.225.87.45,56,malware,17.03.2020 09:40,2
13.226.175.203,56,malware,21.11.2019 15:32,2
5.101.51.24,56,malware,14.10.2019 11:32,2
3.22.135.7,56,malware,09.04.2020 18:06,2
3.22.135.248,56,malware,09.04.2020 04:57,2
3.22.144.182,56,malware,09.04.2020 03:38,2
3.14.38.171,56,malware,09.04.2020 03:38,2
3.22.34.94,56,malware,06.04.2020 02:33,2
3.18.49.219,56,malware,06.04.2020 02:06,2
13.224.196.130,56,malware,02.04.2020 02:47,2
13.225.65.183,56,malware,17.03.2020 10:31,2
13.226.37.106,56,malware,04.03.2020 02:50,2
13.225.210.31,56,malware,27.02.2020 01:40,2
3.130.229.215,56,malware,08.04.2020 20:29,2
3.133.218.145,56,malware,08.04.2020 15:05,2
3.18.233.2,56,malware,08.04.2020 11:33,2
3.13.122.7,56,malware,08.04.2020 06:21,2
3.22.138.161,56,malware,08.04.2020 04:26,2
3.22.38.148,56,malware,08.04.2020 01:00,2
3.136.164.198,56,malware,07.04.2020 11:43,2
3.22.30.236,56,malware,07.04.2020 10:54,2
3.13.29.215,56,malware,06.04.2020 13:41,2
3.21.49.232,56,malware,01.04.2020 00:02,2
13.226.37.110,56,malware,04.03.2020 05:27,2
3.21.138.136,56,malware,07.04.2020 09:57,2
3.130.253.70,56,malware,07.04.2020 02:59,2
3.16.92.104,56,malware,06.04.2020 20:44,2
3.22.20.226,56,malware,06.04.2020 20:32,2
3.21.142.0,56,malware,06.04.2020 20:32,2
5.23.48.210,56,malware,07.03.2020 05:07,2
13.226.175.82,56,malware,21.11.2019 10:30,2
8.208.78.141,56,malware,11.03.2020 21:23,2
13.226.173.10,55,malware,06.02.2020 00:16,3
13.35.118.38,55,malware,27.02.2020 01:26,3
13.225.196.101,55,malware,24.03.2020 20:37,2
13.226.175.126,55,malware,20.11.2019 22:05,2
5.252.229.74,55,malware,10.10.2019 16:21,2
8.208.11.233,55,malware,17.03.2020 20:29,2
13.225.217.88,55,malware,20.03.2020 05:00,2
13.225.87.211,55,malware,17.03.2020 08:26,2
13.224.226.60,55,malware,18.02.2020 08:51,2
13.226.139.207,55,malware,12.02.2020 18:17,2
13.35.199.79,55,malware,10.02.2020 23:01,2
13.225.41.32,55,malware,24.03.2020 20:26,2
13.224.226.22,55,malware,18.02.2020 00:28,2
13.224.226.206,55,malware,17.02.2020 23:53,2
13.226.219.121,55,malware,02.12.2019 23:39,2
13.224.226.61,55,malware,17.02.2020 23:18,2
5.196.1.128,54,malware,19.09.2019 03:56,4
13.33.232.139,54,malware,22.11.2017 22:11,4
13.33.232.216,54,malware,23.11.2017 04:07,4
5.9.179.77,54,malware,16.04.2015 00:00,3
13.32.171.134,54,malware,12.03.2020 22:17,3
13.32.171.63,54,malware,24.12.2019 11:39,3
13.32.171.14,54,malware,16.12.2019 22:18,3
13.32.171.96,54,malware,01.12.2019 04:03,3
13.226.175.8,54,malware,22.11.2019 13:08,3
13.35.39.211,54,malware,06.02.2020 01:14,3
5.101.152.86,54,malware,29.05.2015 00:00,2
13.58.19.215,54,malware,05.11.2019 15:38,2
5.101.152.95,54,malware,19.06.2015 00:00,2
13.35.190.227,54,malware,30.10.2018 21:17,2
13.33.73.204,54,malware,02.04.2020 02:23,2
13.225.245.116,54,malware,02.02.2020 19:45,2
13.32.171.49,54,malware,04.01.2020 19:56,2
13.249.62.104,54,malware,30.12.2019 07:41,2
13.249.62.42,54,malware,06.12.2019 10:42,2
13.226.175.212,54,malware,24.11.2019 16:47,2
13.226.175.65,54,malware,21.11.2019 18:55,2
13.226.175.114,54,malware,21.11.2019 11:05,2
13.226.175.119,54,malware,21.11.2019 10:28,2
13.226.175.216,54,malware,21.11.2019 00:32,2
13.226.175.19,54,malware,21.11.2019 12:11,2
13.226.175.129,54,malware,21.11.2019 02:34,2
13.226.175.122,54,malware,20.11.2019 22:22,2
13.224.196.152,54,malware,02.04.2020 08:51,2
13.224.196.203,54,malware,02.04.2020 02:14,2
13.225.196.100,54,malware,24.03.2020 21:50,2
13.225.41.20,54,malware,24.03.2020 20:37,2
13.225.65.117,54,malware,17.03.2020 08:32,2
13.226.37.155,54,malware,04.03.2020 09:57,2
13.225.210.94,54,malware,27.02.2020 01:28,2
13.224.226.159,54,malware,18.02.2020 04:04,2
13.224.226.195,54,malware,18.02.2020 01:11,2
13.35.199.133,54,malware,11.02.2020 00:59,2
13.249.62.210,54,malware,06.12.2019 07:05,2
13.33.232.121,54,malware,22.11.2017 22:07,2
13.33.232.30,54,malware,22.11.2017 21:09,2
13.33.232.76,54,malware,22.11.2017 21:09,2
13.225.87.210,54,malware,20.03.2020 12:18,2
13.35.39.163,54,malware,06.02.2020 14:04,2
13.226.139.117,54,malware,07.12.2019 20:42,2
13.33.232.179,54,malware,22.11.2017 23:10,2
13.225.18.131,54,malware,10.03.2020 22:26,2
13.35.39.145,54,malware,06.02.2020 18:52,2
5.56.35.6,53,malware,23.05.2018 15:01,2
13.126.148.59,53,malware,02.04.2020 07:36,2
5.9.247.217,53,malware,16.11.2019 09:36,2
13.225.196.53,53,malware,24.03.2020 20:26,2
13.224.226.185,53,malware,17.02.2020 22:58,2
13.226.175.58,53,malware,21.11.2019 21:27,2
13.226.175.87,53,malware,21.11.2019 14:33,2
13.226.175.166,53,malware,21.11.2019 14:33,2
13.226.175.200,53,malware,21.11.2019 09:11,2
13.226.175.157,53,malware,21.11.2019 06:01,2
13.226.175.34,53,malware,25.11.2019 17:45,2
13.226.175.80,53,malware,22.11.2019 19:53,2
13.226.175.204,53,malware,20.11.2019 22:05,2
1.179.184.158,53,malware,09.01.2019 20:57,2
13.226.164.81,53,malware,02.04.2020 02:23,2
13.226.164.73,53,malware,02.04.2020 02:14,2
13.225.196.154,53,malware,24.03.2020 22:45,2
13.249.89.104,53,malware,06.02.2020 00:13,2
13.226.139.73,53,malware,08.12.2019 02:19,2
13.249.62.84,53,malware,07.12.2019 08:17,2
13.234.60.249,53,malware,29.03.2020 19:48,2
13.35.39.159,53,malware,06.02.2020 06:24,2
13.225.245.45,53,malware,24.01.2020 07:28,2
5.188.9.81,53,malware,27.03.2020 18:25,2
13.234.74.70,53,malware,27.03.2020 11:42,2
13.235.231.89,53,malware,17.03.2020 11:09,2
13.127.245.240,53,malware,19.03.2020 22:18,2
1.0.187.145,53,malware,02.04.2020 07:11,1
5.101.152.208,52,malware,06.09.2018 10:52,3
13.35.199.36,52,malware,11.02.2020 10:09,3
13.226.175.33,52,malware,21.11.2019 10:36,3
5.101.152.42,52,malware,20.01.2015 00:00,2
13.66.138.104,52,malware,11.04.2020 03:41,2
13.71.170.130,52,malware,28.10.2019 13:35,2
13.78.184.89,52,malware,22.10.2018 22:33,2
13.85.31.243,52,malware,23.02.2018 22:51,2
5.101.127.51,52,malware,16.07.2019 17:04,2
13.226.175.155,52,malware,23.11.2019 12:48,2
13.33.232.152,52,malware,23.11.2017 17:06,2
13.226.175.115,52,malware,22.11.2019 20:33,2
13.35.127.71,52,malware,31.10.2018 02:57,2
13.227.198.5,52,malware,06.02.2020 00:16,2
1.55.215.173,52,malware,02.08.2019 09:24,1
5.57.226.202,51,malware,21.01.2015 00:00,4
13.226.173.90,51,malware,25.02.2020 21:17,3
13.249.62.70,51,malware,19.12.2019 07:13,2
5.2.85.61,51,malware,15.05.2015 00:00,2
5.196.184.13,51,malware,27.12.2019 06:46,2
13.226.175.59,51,malware,21.11.2019 02:34,2
13.226.175.221,51,malware,20.11.2019 23:20,2
13.226.175.62,51,malware,20.11.2019 21:42,2
13.225.87.83,51,malware,17.03.2020 08:28,2
13.226.139.25,51,malware,03.12.2019 04:23,2
13.33.232.21,51,malware,22.11.2017 22:07,2
13.224.196.185,51,malware,02.04.2020 09:52,2
13.35.218.113,51,malware,17.03.2020 07:57,2
13.226.185.99,51,malware,29.11.2019 03:50,2
13.224.226.127,50,malware,17.02.2020 22:59,3
5.135.93.74,50,malware,30.07.2019 07:55,2
13.225.196.197,50,malware,24.03.2020 20:26,2
13.225.245.54,50,malware,31.01.2020 03:21,2
13.226.175.150,50,malware,28.11.2019 12:08,2
13.226.175.23,50,malware,25.11.2019 14:33,2
13.226.175.20,50,malware,21.11.2019 02:37,2
13.224.196.186,50,malware,02.04.2020 06:53,2
13.226.175.151,50,malware,24.11.2019 23:54,2
13.33.232.9,50,malware,22.11.2017 22:07,2
13.224.196.135,50,malware,02.04.2020 04:40,2
13.225.245.135,50,malware,24.03.2020 21:06,2
13.224.8.3,50,malware,11.02.2020 16:38,2
13.225.245.191,50,malware,24.03.2020 21:17,2
13.225.87.174,50,malware,17.03.2020 23:05,2
13.224.226.176,50,malware,17.02.2020 23:53,2
13.33.232.178,50,malware,23.11.2017 04:05,2
13.224.226.133,50,malware,18.02.2020 15:03,2
